Rk,Player,Pos,Age,Tm,G,GS,MP,FG,FGA,FG%,3P,3PA,3P%,2P,2PA,2P%,eFG%,FT,FTA,FT%,ORB,DRB,TRB,AST,STL,BLK,TOV,PF,PTS,Player-additional
1,Precious Achiuwa,PF,21,MIA,3,0,4.0,1.0,1.3,0.75,0.0,0.0,,1.0,1.3,0.75,0.75,0.3,1.3,0.25,0.0,2.0,2.0,0.0,0.0,0.7,1.3,0.3,2.3,achiupr01
2,Bam Adebayo,C,23,MIA,4,4,34.0,6.5,14.3,0.456,0.0,0.0,,6.5,14.3,0.456,0.456,2.5,3.3,0.769,3.5,5.8,9.3,4.3,1.3,0.5,2.8,2.8,15.5,adebaba01
3,Ty-Shon Alexander,SG,22,PHO,1,0,1.0,1.0,1.0,1.0,0.0,0.0,,1.0,1.0,1.0,1.0,0.0,0.0,,0.0,0.0,0.0,0.0,0.0,0.0,0.0,0.0,2.0,alexaty01
4,Grayson Allen,SG,25,MEM,5,0,23.2,2.4,6.6,0.364,1.6,4.2,0.381,0.8,2.4,0.333,0.485,0.0,0.2,0.0,0.6,2.0,2.6,0.2,0.4,0.2,0.2,2.6,6.4,allengr01
5,Kyle Anderson,PF,27,MEM,5,5,28.4,3.6,8.4,0.429,0.6,2.4,0.25,3.0,6.0,0.5,0.464,0.6,0.8,0.75,0.8,4.2,5.0,3.2,2.8,0.0,0.8,1.8,8.4,anderky01
6,Giannis Antetokounmpo,PF,26,MIL,21,21,38.1,11.9,20.9,0.569,0.6,3.3,0.186,11.3,17.6,0.642,0.584,5.8,9.8,0.587,2.8,10.0,12.8,5.1,1.0,1.2,3.0,2.9,30.2,antetgi01
7,Thanasis Antetokounmpo,SF,28,MIL,13,0,3.5,0.2,0.5,0.286,0.0,0.0,,0.2,0.5,0.286,0.286,0.4,0.5,0.833,0.2,0.5,0.8,0.2,0.4,0.2,0.2,0.9,0.7,antetth01
8,Carmelo Anthony,PF,36,POR,6,0,23.8,4.2,10.0,0.417,2.3,6.2,0.378,1.8,3.8,0.478,0.533,1.7,1.8,0.909,0.3,2.8,3.2,1.5,0.3,0.2,1.2,2.5,12.3,anthoca01
9,Trevor Ariza,SF,35,MIA,4,4,24.0,1.8,5.8,0.304,1.3,4.3,0.294,0.5,1.5,0.333,0.413,0.0,0.0,,0.5,5.3,5.8,0.5,0.8,0.3,0.8,2.8,4.8,arizatr01
10,Deandre Ayton,C,22,PHO,22,22,36.4,7.0,10.6,0.658,0.0,0.0,,7.0,10.6,0.658,0.658,1.8,2.4,0.736,3.0,8.8,11.8,1.1,0.8,1.1,1.3,2.9,15.8,aytonde01
11,Udoka Azubuike,C,21,UTA,1,0,1.0,0.0,0.0,,0.0,0.0,,0.0,0.0,,,0.0,0.0,,0.0,1.0,1.0,0.0,0.0,0.0,0.0,0.0,0.0,azubuud01
12,Desmond Bane,SG,22,MEM,5,0,19.8,2.2,3.8,0.579,1.2,2.4,0.5,1.0,1.4,0.714,0.737,0.0,0.0,,0.4,3.0,3.4,2.0,0.8,0.4,0.6,1.2,5.6,banede01
13,RJ Barrett,SG,20,NYK,5,5,32.4,5.2,13.4,0.388,1.6,5.6,0.286,3.6,7.8,0.462,0.448,2.4,3.0,0.8,0.8,6.4,7.2,3.0,0.8,0.4,0.4,2.2,14.4,barrerj01
14,Will Barton,SF,30,DEN,3,1,27.7,6.3,14.3,0.442,2.3,7.0,0.333,4.0,7.3,0.545,0.523,1.3,1.3,1.0,0.3,4.0,4.3,2.7,0.7,0.3,1.3,1.3,16.3,bartowi01
15,Nicolas Batum,SF,32,LAC,19,10,29.2,2.8,5.7,0.486,1.5,3.8,0.389,1.3,1.9,0.676,0.615,1.0,1.2,0.826,1.0,4.5,5.5,2.1,1.3,0.5,0.3,1.4,8.1,batumni01
16,Bradley Beal,SG,27,WAS,5,5,39.0,11.2,24.6,0.455,1.4,6.4,0.219,9.8,18.2,0.538,0.484,6.2,7.2,0.861,1.2,5.0,6.2,4.2,0.8,0.6,4.0,1.2,30.0,bealbr01
17,Davis Bertans,PF,28,WAS,4,2,26.5,2.8,6.8,0.407,2.0,5.8,0.348,0.8,1.0,0.75,0.556,1.8,1.8,1.0,0.0,2.8,2.8,0.3,0.3,0.5,0.3,3.0,9.3,bertada01
18,Patrick Beverley,PG,32,LAC,17,7,19.0,1.7,4.0,0.426,0.8,2.2,0.351,0.9,1.8,0.516,0.522,0.7,0.8,0.857,0.6,1.8,2.4,1.4,0.7,0.7,0.2,2.1,4.9,beverpa01
19,Nemanja Bjelica,PF,32,MIA,2,0,15.0,2.5,5.5,0.455,2.0,4.0,0.5,0.5,1.5,0.333,0.636,2.0,3.0,0.667,0.5,2.0,2.5,1.0,1.0,0.5,0.0,2.5,9.0,bjeline01
20,Keljin Blevins,SF,25,POR,2,0,2.0,0.5,1.0,0.5,0.0,0.5,0.0,0.5,0.5,1.0,0.5,0.0,0.0,,0.0,0.0,0.0,0.0,0.0,0.0,0.0,0.5,1.0,blevike01
21,Bogdan Bogdanovic,SG,28,ATL,18,18,33.2,5.4,13.8,0.39,2.6,7.9,0.329,2.8,5.9,0.472,0.484,0.7,0.9,0.706,0.6,3.6,4.2,2.9,1.6,0.3,1.5,2.8,14.1,bogdabo01
22,Bojan Bogdanovic,SF,31,UTA,11,11,35.5,5.8,12.5,0.467,3.2,6.9,0.461,2.6,5.5,0.475,0.595,3.3,3.7,0.878,0.5,3.7,4.3,1.5,0.9,0.0,2.1,2.5,18.1,bogdabo02
23,Bol Bol,PF,21,DEN,3,0,2.0,0.0,0.3,0.0,0.0,0.3,0.0,0.0,0.0,,0.0,0.0,0.0,,0.0,0.3,0.3,0.7,0.0,0.0,0.0,0.0,0.0,bolbo01
24,Isaac Bonga,SF,21,WAS,4,0,2.5,0.0,1.3,0.0,0.0,0.8,0.0,0.0,0.5,0.0,0.0,0.0,0.0,,0.0,0.0,0.0,0.0,0.0,0.3,0.0,0.0,0.0,bongais01
25,Devin Booker,SG,24,PHO,22,22,40.4,9.6,21.5,0.447,2.0,6.2,0.321,7.6,15.3,0.499,0.494,6.0,6.7,0.905,0.7,5.0,5.6,4.5,0.8,0.2,3.7,3.5,27.3,bookede01
26,Jarrell Brantley,PF,24,UTA,2,0,1.5,0.0,0.5,0.0,0.0,0.0,,0.0,0.5,0.0,0.0,0.5,1.0,0.5,0.0,0.5,0.5,0.0,0.0,0.0,0.5,0.0,0.5,brantja01
27,Mikal Bridges,SF,24,PHO,22,22,32.1,4.2,8.6,0.484,1.6,4.3,0.368,2.6,4.3,0.6,0.576,1.1,1.3,0.893,0.9,3.4,4.3,1.6,1.0,0.7,0.7,1.9,11.1,bridgmi01
28,Dillon Brooks,SF,25,MEM,5,5,35.0,10.0,19.4,0.515,1.6,4.0,0.4,8.4,15.4,0.545,0.557,4.2,5.2,0.808,1.0,3.2,4.2,2.2,1.4,0.4,1.8,3.4,25.8,brookdi01
29,Bruce Brown,PG,24,BRK,12,5,23.1,3.3,6.6,0.506,0.2,0.9,0.182,3.2,5.7,0.559,0.519,1.1,1.3,0.813,1.9,3.2,5.1,2.1,0.7,0.4,0.9,2.6,7.9,brownbr01
30,Jalen Brunson,PG,24,DAL,7,0,16.3,2.9,6.3,0.455,0.9,1.9,0.462,2.0,4.4,0.452,0.523,1.4,1.9,0.769,0.9,1.7,2.6,1.4,0.0,0.0,0.6,0.9,8.0,brunsja01
31,Elijah Bryant,SG,25,MIL,11,0,4.5,0.6,1.8,0.35,0.0,0.7,0.0,0.6,1.1,0.583,0.35,0.0,0.0,,0.2,0.9,1.1,0.4,0.2,0.1,0.2,0.1,1.3,bryanel01
32,Reggie Bullock,SF,29,NYK,5,5,32.4,3.0,7.8,0.385,2.0,5.8,0.345,1.0,2.0,0.5,0.513,0.8,1.0,0.8,1.0,2.4,3.4,1.2,0.6,0.2,0.8,2.2,8.8,bullore01
33,Trey Burke,PG,28,DAL,2,0,8.5,0.0,3.5,0.0,0.0,1.5,0.0,0.0,2.0,0.0,0.0,0.5,1.0,0.5,0.5,0.0,0.5,0.5,0.0,0.0,0.0,0.5,0.5,burketr01
34,Alec Burks,SG,29,NYK,5,0,25.6,4.8,11.2,0.429,1.6,4.8,0.333,3.2,6.4,0.5,0.5,2.8,3.8,0.737,1.0,4.0,5.0,2.6,0.2,0.0,0.8,2.2,14.0,burksal01
35,Jimmy Butler,SF,31,MIA,4,4,38.5,4.8,16.0,0.297,1.0,3.8,0.267,3.8,12.3,0.306,0.328,4.0,5.5,0.727,1.5,6.0,7.5,7.0,1.3,0.3,2.3,1.5,14.5,butleji01
36,Kentavious Caldwell-Pope,SG,27,LAL,5,5,29.2,2.2,5.8,0.379,0.8,3.8,0.211,1.4,2.0,0.7,0.448,1.0,1.0,1.0,0.4,2.4,2.8,1.0,1.0,0.0,0.4,3.0,6.2,caldwke01
37,Facundo Campazzo,PG,29,DEN,10,9,27.0,2.9,7.4,0.392,1.9,4.8,0.396,1.0,2.6,0.385,0.52,1.6,1.9,0.842,0.7,2.3,3.0,4.1,1.4,0.4,1.5,3.5,9.3,campafa01
38,Vlatko Cancar,PF,23,DEN,5,0,4.2,0.6,0.6,1.0,0.2,0.2,1.0,0.4,0.4,1.0,1.167,0.8,1.0,0.8,0.0,0.6,0.6,0.2,0.2,0.2,0.2,0.0,2.2,cancavl01
39,Clint Capela,C,26,ATL,18,18,31.6,4.6,7.6,0.603,0.0,0.0,,4.6,7.6,0.603,0.603,0.9,2.2,0.436,3.4,7.8,11.2,0.9,0.7,1.1,1.0,2.6,10.1,capelca01
40,Jevon Carter,PG,25,PHO,7,0,3.1,0.4,1.1,0.375,0.0,0.3,0.0,0.4,0.9,0.5,0.375,0.0,0.3,0.0,0.0,0.3,0.3,0.6,0.0,0.0,0.0,0.0,0.9,carteje01
41,Alex Caruso,PG,26,LAL,6,0,20.2,2.3,6.3,0.368,0.8,2.8,0.294,1.5,3.5,0.429,0.434,0.3,0.3,1.0,0.3,1.0,1.3,0.5,0.2,0.7,1.2,2.0,5.8,carusal01
42,Willie Cauley-Stein,C,27,DAL,6,0,10.5,1.0,1.5,0.667,0.0,0.0,,1.0,1.5,0.667,0.667,0.5,0.5,1.0,0.5,2.2,2.7,0.5,0.3,0.7,0.5,1.3,2.5,caulewi01
43,Chris Chiozza,PG,25,BRK,6,0,3.2,0.3,1.2,0.286,0.2,0.5,0.333,0.2,0.7,0.25,0.357,0.0,0.0,,0.0,0.2,0.2,0.2,0.2,0.0,0.2,0.3,0.8,chiozch01
44,Brandon Clarke,PF,24,MEM,2,0,4.5,0.5,1.0,0.5,0.0,0.0,,0.5,1.0,0.5,0.5,0.0,0.0,,0.0,0.5,0.5,0.0,0.0,0.5,0.0,0.0,1.0,clarkbr01
45,Jordan Clarkson,SG,28,UTA,11,0,27.1,6.1,15.0,0.406,3.1,8.8,0.351,3.0,6.2,0.485,0.509,2.3,2.4,0.962,0.5,2.5,3.1,1.5,0.6,0.3,2.1,1.4,17.5,clarkjo01
46,Nic Claxton,C,21,BRK,12,0,10.8,1.2,2.4,0.483,0.0,0.0,,1.2,2.4,0.483,0.483,0.2,0.3,0.667,1.2,1.6,2.8,0.6,0.3,1.0,0.3,1.7,2.5,claxtni01
47,Amir Coffey,SG,23,LAC,10,0,1.6,0.3,0.4,0.75,0.1,0.1,1.0,0.2,0.3,0.667,0.875,0.0,0.1,0.0,0.0,0.2,0.2,0.1,0.1,0.0,0.1,0.0,0.7,coffeam01
48,John Collins,PF,23,ATL,18,18,32.0,5.6,10.1,0.549,1.1,3.1,0.357,4.4,7.0,0.635,0.604,1.7,2.0,0.833,2.0,6.7,8.7,0.9,0.4,0.6,1.3,3.3,13.9,collijo01
49,Mike Conley,PG,33,UTA,6,6,29.3,4.8,11.3,0.426,3.0,6.2,0.486,1.8,5.2,0.355,0.559,2.7,2.7,1.0,0.5,3.0,3.5,7.7,0.2,0.5,2.3,2.5,15.3,conlemi01
50,Pat Connaughton,SG,28,MIL,23,1,23.7,2.4,5.2,0.462,1.6,4.1,0.389,0.8,1.0,0.75,0.618,0.5,0.6,0.846,1.3,3.1,4.4,0.9,0.4,0.3,0.5,1.7,6.9,connapa01
51,DeMarcus Cousins,C,30,LAC,7,0,8.3,2.7,6.0,0.452,0.6,1.4,0.4,2.1,4.6,0.469,0.5,1.6,2.0,0.786,0.9,1.1,2.0,0.7,0.3,0.4,0.7,1.9,7.6,couside01
52,Robert Covington,PF,30,POR,6,6,38.0,3.0,6.0,0.5,1.8,3.7,0.5,1.2,2.3,0.5,0.653,1.5,1.7,0.9,1.5,6.3,7.8,1.2,1.5,1.0,1.3,3.3,9.3,covinro01
53,Torrey Craig,SF,30,PHO,22,0,12.1,1.5,3.4,0.427,0.7,1.7,0.405,0.8,1.7,0.447,0.527,0.4,0.6,0.615,0.9,2.0,2.9,0.4,0.0,0.4,0.5,1.5,4.0,craigto01
54,Jae Crowder,PF,30,PHO,22,22,33.1,3.5,8.4,0.413,2.5,6.5,0.38,1.0,1.9,0.524,0.56,1.4,1.6,0.886,0.5,5.6,6.1,1.9,0.9,0.8,0.9,3.0,10.8,crowdja01
55,Seth Curry,SG,30,PHI,12,12,31.8,7.1,12.3,0.578,3.4,6.8,0.506,3.7,5.5,0.667,0.718,1.3,1.6,0.789,0.3,2.0,2.3,2.3,0.8,0.3,0.8,2.8,18.8,curryse01
56,Anthony Davis,PF,27,LAL,5,5,28.8,5.0,12.4,0.403,0.4,2.2,0.182,4.6,10.2,0.451,0.419,7.0,8.4,0.833,1.4,5.2,6.6,2.6,0.6,1.6,1.2,1.8,17.4,davisan02
57,Dewayne Dedmon,C,31,MIA,4,0,14.3,2.5,4.5,0.556,0.3,0.8,0.333,2.3,3.8,0.6,0.583,1.0,1.3,0.8,2.0,2.5,4.5,0.8,0.0,0.5,1.5,2.5,6.3,dedmode01
58,Mamadi Diakite,PF,24,MIL,7,0,5.0,0.3,1.4,0.2,0.1,0.3,0.5,0.1,1.1,0.125,0.25,0.3,0.3,1.0,0.1,0.9,1.0,0.0,0.4,0.1,0.1,1.0,1.0,diakima01
59,Donte DiVincenzo,SG,24,MIL,3,3,23.3,1.0,5.3,0.188,0.7,4.0,0.167,0.3,1.3,0.25,0.25,0.0,0.0,,0.7,5.7,6.3,2.7,1.0,0.3,2.0,1.3,2.7,divindo01
60,Luka Doncic,PG,21,DAL,7,7,40.1,13.7,28.0,0.49,4.4,10.9,0.408,9.3,17.1,0.542,0.569,3.9,7.3,0.529,0.6,7.3,7.9,10.3,1.3,0.4,4.6,2.4,35.7,doncilu01
61,Goran Dragic,PG,34,MIA,4,2,29.3,5.8,13.5,0.426,2.3,6.5,0.346,3.5,7.0,0.5,0.509,2.3,3.0,0.75,0.3,1.5,1.8,2.8,1.0,0.5,1.5,2.8,16.0,dragigo01
62,Andre Drummond,C,27,LAL,5,5,21.0,3.8,6.4,0.594,0.0,0.0,,3.8,6.4,0.594,0.594,1.4,2.0,0.7,3.8,7.2,11.0,0.0,0.8,0.6,2.2,2.4,9.0,drumman01
63,Jared Dudley,PF,35,LAL,2,0,2.5,0.0,0.0,,0.0,0.0,,0.0,0.0,,,0.0,0.0,,0.0,0.0,0.0,0.0,0.0,0.0,0.0,0.0,0.0,dudleja01
64,Kris Dunn,PG,26,ATL,5,0,6.6,0.2,1.0,0.2,0.0,0.2,0.0,0.2,0.8,0.25,0.2,0.8,0.8,1.0,0.0,1.0,1.0,1.0,0.4,0.4,0.8,1.0,1.2,dunnkr01
65,Kevin Durant,PF,32,BRK,12,12,40.4,12.1,23.5,0.514,2.8,6.8,0.402,9.3,16.7,0.56,0.573,7.3,8.4,0.871,0.4,8.8,9.3,4.4,1.5,1.6,3.5,2.6,34.3,duranke01
66,Carsen Edwards,SG,22,BOS,2,0,2.5,1.0,1.5,0.667,0.5,1.0,0.5,0.5,0.5,1.0,0.833,0.0,0.0,,0.0,0.5,0.5,0.0,0.0,0.0,0.0,0.0,2.5,edwarca01
67,CJ Elleby,SF,20,POR,2,0,4.0,0.0,0.5,0.0,0.0,0.0,,0.0,0.5,0.0,0.0,0.0,0.0,,0.5,1.0,1.5,0.5,0.0,0.0,0.5,0.0,0.0,ellebcj01
68,Joel Embiid,C,26,PHI,11,11,32.5,9.2,17.9,0.513,1.5,3.7,0.39,7.7,14.2,0.545,0.553,8.3,9.9,0.835,1.5,9.1,10.5,3.4,1.0,1.5,3.8,3.0,28.1,embiijo01
69,Tacko Fall,C,25,BOS,1,0,1.0,0.0,0.0,,0.0,0.0,,0.0,0.0,,,0.0,0.0,,0.0,1.0,1.0,0.0,0.0,0.0,0.0,0.0,0.0,fallta01
70,Derrick Favors,C,29,UTA,11,0,13.2,1.5,2.1,0.696,0.0,0.0,,1.5,2.1,0.696,0.696,0.5,0.8,0.556,1.7,2.5,4.2,0.3,0.2,0.9,0.5,2.3,3.4,favorde01
71,Bruno Fernando,C,22,ATL,6,0,2.0,0.3,0.5,0.667,0.0,0.0,,0.3,0.5,0.667,0.667,0.3,0.3,1.0,0.2,0.0,0.2,0.0,0.0,0.0,0.0,0.0,1.0,fernabr01
72,Yogi Ferrell,PG,27,LAC,9,0,1.7,0.2,0.6,0.4,0.0,0.1,0.0,0.2,0.4,0.5,0.4,0.0,0.0,,0.0,0.3,0.3,0.3,0.0,0.0,0.0,0.0,0.4,ferreyo01
73,Dorian Finney-Smith,PF,27,DAL,7,7,38.7,3.7,9.1,0.406,2.3,5.3,0.432,1.4,3.9,0.37,0.531,0.6,0.7,0.8,2.4,4.1,6.6,2.1,1.1,0.3,1.7,3.3,10.3,finnedo01
74,Bryn Forbes,SG,27,MIL,20,0,13.7,2.3,5.6,0.411,1.7,4.5,0.371,0.7,1.2,0.565,0.558,0.3,0.4,0.75,0.1,1.3,1.4,0.3,0.1,0.1,0.4,0.8,6.6,forbebr01
75,Trent Forrest,PG,22,UTA,4,0,2.5,0.5,1.0,0.5,0.0,0.0,,0.5,1.0,0.5,0.5,0.0,0.0,,0.0,0.0,0.0,0.0,0.0,0.0,0.0,0.0,1.0,forretr01
76,Evan Fournier,SF,28,BOS,5,5,33.4,5.4,12.6,0.429,2.6,6.0,0.433,2.8,6.6,0.424,0.532,2.0,2.4,0.833,1.0,2.6,3.6,1.4,1.2,0.0,1.0,4.0,15.4,fournev01
77,Enes Freedom,C,28,POR,5,0,11.2,0.8,1.6,0.5,0.0,0.0,,0.8,1.6,0.5,0.5,0.4,0.4,1.0,1.2,1.4,2.6,0.0,0.0,0.4,0.6,1.8,2.0,kanteen01
78,Daniel Gafford,C,22,WAS,5,2,23.4,4.4,5.2,0.846,0.0,0.0,,4.4,5.2,0.846,0.846,3.0,4.8,0.625,2.8,3.0,5.8,0.6,1.0,2.0,0.6,3.4,11.8,gaffoda01
79,Danilo Gallinari,PF,32,ATL,18,0,24.6,4.1,9.7,0.425,1.9,4.7,0.405,2.2,5.0,0.444,0.523,2.7,2.9,0.942,0.4,3.4,3.9,0.8,0.3,0.2,0.8,2.6,12.8,gallida01
80,Langston Galloway,SG,29,PHO,2,0,7.5,0.5,3.5,0.143,0.0,1.0,0.0,0.5,2.5,0.2,0.143,0.0,0.5,0.0,0.0,1.0,1.0,0.5,0.0,0.5,0.0,0.5,1.0,gallola01
81,Marc Gasol,C,36,LAL,5,1,17.4,1.6,2.6,0.615,1.4,2.2,0.636,0.2,0.4,0.5,0.885,0.6,0.8,0.75,0.8,3.0,3.8,3.0,0.8,0.8,0.8,3.2,5.2,gasolma01
82,Paul George,SF,30,LAC,19,19,40.8,8.7,19.7,0.441,2.7,8.0,0.336,6.0,11.7,0.514,0.509,6.8,8.1,0.844,0.9,8.7,9.6,5.4,1.0,0.5,3.5,3.1,26.9,georgpa01
83,Taj Gibson,C,35,NYK,5,3,27.6,2.4,4.0,0.6,0.0,0.0,,2.4,4.0,0.6,0.6,0.2,0.2,1.0,3.2,3.8,7.0,0.8,1.6,1.0,0.6,2.6,5.0,gibsota01
84,Harry Giles,C,22,POR,1,0,4.0,0.0,1.0,0.0,0.0,0.0,,0.0,1.0,0.0,0.0,0.0,0.0,,2.0,1.0,3.0,0.0,0.0,0.0,3.0,0.0,0.0,gilesha01
85,Anthony Gill,PF,28,WAS,4,0,8.3,0.0,0.8,0.0,0.0,0.3,0.0,0.0,0.5,0.0,0.0,0.0,0.0,,0.3,0.8,1.0,0.0,0.0,0.0,0.8,1.8,0.0,gillan01
86,Rudy Gobert,C,28,UTA,11,11,34.2,5.5,7.4,0.741,0.0,0.1,0.0,5.5,7.3,0.75,0.741,3.8,6.0,0.636,3.9,8.4,12.3,0.8,0.5,2.1,1.5,4.2,14.7,goberru01
87,Aaron Gordon,PF,25,DEN,10,10,29.9,4.3,9.9,0.434,0.9,2.3,0.391,3.4,7.6,0.447,0.48,1.6,2.5,0.64,2.1,3.3,5.4,2.0,0.5,0.3,1.4,2.3,11.1,gordoaa01
88,Danny Green,SF,33,PHI,8,8,24.9,2.6,6.0,0.438,1.8,4.6,0.378,0.9,1.4,0.636,0.583,0.0,0.0,,1.1,1.5,2.6,2.6,1.1,1.0,0.6,1.6,7.0,greenda02
89,JaMychal Green,PF,30,DEN,10,0,19.0,2.0,4.5,0.444,0.6,2.0,0.3,1.4,2.5,0.56,0.511,0.8,0.9,0.889,1.7,3.5,5.2,1.1,0.2,0.2,0.3,1.2,5.4,greenja01
90,Jeff Green,PF,34,BRK,6,1,24.7,2.7,5.5,0.485,1.7,3.0,0.556,1.0,2.5,0.4,0.636,1.2,1.3,0.875,0.7,2.2,2.8,1.7,0.5,0.3,0.5,2.3,8.2,greenje02
91,Josh Green,SG,20,DAL,1,0,4.0,0.0,0.0,,0.0,0.0,,0.0,0.0,,,0.0,0.0,,0.0,0.0,0.0,0.0,0.0,0.0,0.0,0.0,0.0,greenjo02
92,Blake Griffin,PF,31,BRK,12,12,26.5,3.5,6.6,0.532,1.2,3.0,0.389,2.3,3.6,0.651,0.62,0.8,1.2,0.714,1.3,4.7,5.9,1.8,0.8,0.5,0.4,3.3,9.0,griffbl01
93,Rui Hachimura,PF,22,WAS,5,5,34.6,5.8,9.4,0.617,1.8,3.0,0.6,4.0,6.4,0.625,0.713,1.4,2.4,0.583,1.0,6.2,7.2,1.0,0.4,0.2,1.0,3.6,14.8,hachiru01
94,Tim Hardaway Jr.,SG,28,DAL,7,7,37.4,6.0,14.4,0.416,3.3,8.1,0.404,2.7,6.3,0.432,0.53,1.7,2.3,0.75,0.7,2.6,3.3,1.4,0.4,0.0,0.9,2.4,17.0,hardati02
95,James Harden,PG,31,BRK,9,9,35.8,5.7,12.0,0.472,2.7,7.3,0.364,3.0,4.7,0.643,0.583,6.2,6.9,0.903,0.8,5.6,6.3,8.6,1.7,0.7,2.9,2.6,20.2,hardeja01
96,Montrezl Harrell,C,27,LAL,4,0,9.8,2.0,3.5,0.571,0.0,0.0,,2.0,3.5,0.571,0.571,1.8,2.3,0.778,1.3,1.3,2.5,0.0,0.5,0.0,0.5,0.8,5.8,harremo01
97,Joe Harris,SF,29,BRK,12,12,36.2,4.1,10.3,0.398,2.8,6.8,0.402,1.3,3.4,0.39,0.533,0.3,0.3,0.75,0.4,3.2,3.6,1.6,0.3,0.2,0.8,2.8,11.2,harrijo01
98,Tobias Harris,PF,28,PHI,12,12,36.5,8.8,17.9,0.488,1.3,3.6,0.372,7.4,14.3,0.517,0.526,2.9,3.3,0.875,0.8,7.7,8.5,3.5,1.0,0.4,1.5,2.4,21.8,harrito02
99,Shaquille Harrison,SG,27,DEN,9,0,4.4,0.3,0.4,0.75,0.1,0.1,1.0,0.2,0.3,0.667,0.875,0.2,0.3,0.667,0.0,0.9,0.9,0.3,0.3,0.3,0.6,0.3,1.0,harrish01
100,Tyler Herro,SG,21,MIA,4,0,23.3,3.0,9.5,0.316,1.5,4.8,0.316,1.5,4.8,0.316,0.395,1.8,1.8,1.0,0.3,3.0,3.3,1.8,0.3,0.3,0.8,0.5,9.3,herroty01
101,George Hill,PG,34,PHI,12,0,17.1,1.6,3.6,0.442,0.7,1.6,0.421,0.9,2.0,0.458,0.535,0.8,1.1,0.769,0.4,0.9,1.3,1.5,0.7,0.3,0.8,1.5,4.7,hillge01
102,Solomon Hill,PF,29,ATL,14,3,10.4,0.4,1.7,0.25,0.2,1.3,0.167,0.2,0.4,0.5,0.313,0.1,0.3,0.5,0.2,1.1,1.4,0.2,0.1,0.1,0.1,1.3,1.2,hillso01
103,Jrue Holiday,PG,30,MIL,23,23,39.7,6.9,16.9,0.406,1.9,6.2,0.303,5.0,10.7,0.466,0.461,1.7,2.4,0.714,1.4,4.3,5.7,8.7,1.7,0.4,2.4,2.1,17.3,holidjr01
104,Rondae Hollis-Jefferson,PF,26,POR,5,0,7.2,0.8,1.0,0.8,0.0,0.0,,0.8,1.0,0.8,0.8,0.4,0.6,0.667,0.6,1.0,1.6,0.0,0.2,0.2,0.0,1.0,2.0,holliro01
105,Talen Horton-Tucker,SG,20,LAL,4,0,12.0,2.8,6.0,0.458,0.3,1.3,0.2,2.5,4.8,0.526,0.479,0.8,1.3,0.6,0.5,3.0,3.5,0.5,0.3,0.0,0.8,0.8,6.5,hortota01
106,Dwight Howard,C,35,PHI,12,0,12.4,1.3,2.5,0.533,0.0,0.1,0.0,1.3,2.4,0.552,0.533,2.0,3.3,0.6,2.2,4.1,6.3,0.7,0.2,0.5,1.0,2.6,4.7,howardw01
107,Markus Howard,SG,21,DEN,9,0,12.4,1.7,4.1,0.405,1.2,2.9,0.423,0.4,1.2,0.364,0.554,0.1,0.2,0.5,0.1,0.7,0.8,0.4,0.0,0.1,0.0,1.1,4.7,howarma02
108,Kevin Huerter,SG,22,ATL,18,10,31.0,4.3,10.0,0.428,1.8,5.3,0.347,2.4,4.7,0.518,0.519,0.7,0.9,0.706,0.6,3.2,3.8,2.8,0.8,0.9,1.1,2.7,11.1,huertke01
109,De'Andre Hunter,SF,23,ATL,5,5,30.4,3.6,9.0,0.4,1.2,3.2,0.375,2.4,5.8,0.414,0.467,2.4,3.2,0.75,0.4,3.6,4.0,0.6,0.2,0.6,1.4,2.2,10.8,huntede01
110,Chandler Hutchison,SF,24,WAS,2,0,9.0,1.0,2.5,0.4,0.0,0.0,,1.0,2.5,0.4,0.4,1.0,1.0,1.0,0.0,1.5,1.5,0.5,0.0,0.0,0.5,0.5,3.0,hutchch01
111,Serge Ibaka,C,31,LAC,2,0,9.0,1.5,3.0,0.5,0.0,1.0,0.0,1.5,2.0,0.75,0.5,2.0,2.0,1.0,0.5,1.5,2.0,1.0,0.5,1.5,0.5,0.5,5.0,ibakase01
112,Andre Iguodala,SF,37,MIA,4,0,17.8,1.5,2.8,0.545,0.8,1.8,0.429,0.8,1.0,0.75,0.682,0.0,0.0,,0.8,2.3,3.0,1.3,1.0,0.5,1.3,2.0,3.8,iguodan01
113,Ersan Ilyasova,PF,33,UTA,1,0,3.0,1.0,2.0,0.5,0.0,1.0,0.0,1.0,1.0,1.0,0.5,2.0,2.0,1.0,0.0,0.0,0.0,0.0,0.0,0.0,0.0,0.0,4.0,ilyaser01
114,Joe Ingles,SF,33,UTA,11,6,27.8,3.5,7.2,0.494,2.2,5.3,0.414,1.4,1.9,0.714,0.646,0.9,1.2,0.769,0.1,3.0,3.1,3.5,0.6,0.0,0.8,1.7,10.2,inglejo01
115,Kyrie Irving,PG,28,BRK,9,9,36.1,8.6,18.1,0.472,2.7,7.2,0.369,5.9,10.9,0.541,0.546,2.9,3.1,0.929,1.3,4.4,5.8,3.4,1.0,0.6,1.2,2.1,22.7,irvinky01
116,Jaren Jackson Jr.,C,21,MEM,5,5,27.4,4.6,10.8,0.426,1.6,5.6,0.286,3.0,5.2,0.577,0.5,2.8,3.2,0.875,1.8,3.8,5.6,1.0,1.0,1.2,0.8,4.2,13.6,jacksja02
117,Justin Jackson,SF,25,MIL,5,0,3.0,0.6,1.0,0.6,0.0,0.4,0.0,0.6,0.6,1.0,0.6,0.0,0.0,,0.2,0.2,0.4,0.2,0.2,0.0,0.2,0.0,1.2,jacksju01
118,Reggie Jackson,SG,30,LAC,19,17,32.7,6.4,13.3,0.484,3.1,7.5,0.408,3.4,5.8,0.582,0.599,1.9,2.2,0.878,0.4,2.8,3.2,3.4,0.9,0.2,1.5,2.6,17.8,jacksre01
119,LeBron James,PG,36,LAL,6,6,37.3,9.0,19.0,0.474,3.0,8.0,0.375,6.0,11.0,0.545,0.553,2.3,3.8,0.609,1.2,6.0,7.2,8.0,1.5,0.3,4.2,1.2,23.3,jamesle01
120,Mike James,PG,30,BRK,9,0,11.4,1.6,4.8,0.326,0.6,1.8,0.313,1.0,3.0,0.333,0.384,0.0,0.0,,0.2,1.6,1.8,1.3,0.2,0.0,0.3,0.7,3.7,jamesmi02
121,Isaiah Joe,SG,21,PHI,4,0,2.3,0.3,0.8,0.333,0.0,0.5,0.0,0.3,0.3,1.0,0.333,0.0,0.0,,0.0,0.0,0.0,0.3,0.0,0.0,0.0,0.5,0.5,joeis01
122,Alize Johnson,PF,24,BRK,5,0,4.6,0.8,1.4,0.571,0.0,0.0,,0.8,1.4,0.571,0.571,0.0,0.0,,0.6,2.0,2.6,0.0,0.6,0.0,0.6,0.2,1.6,johnsal02
123,Cameron Johnson,PF,24,PHO,21,0,21.1,2.6,5.2,0.5,1.6,3.5,0.446,1.0,1.7,0.611,0.65,1.4,1.5,0.906,0.8,2.4,3.1,0.8,0.9,0.2,0.7,1.3,8.2,johnsca02
124,Tyler Johnson,SG,28,BRK,8,0,8.6,0.8,2.1,0.353,0.4,1.4,0.273,0.4,0.8,0.5,0.441,0.3,0.3,1.0,0.3,0.5,0.8,0.6,0.3,0.0,0.1,1.1,2.1,johnsty01
125,Nikola Jokic,C,25,DEN,10,10,34.5,11.6,22.8,0.509,2.0,5.3,0.377,9.6,17.5,0.549,0.553,4.6,5.5,0.836,3.7,7.9,11.6,5.0,0.6,0.9,2.4,2.3,29.8,jokicni01
126,Derrick Jones Jr.,SF,23,POR,2,0,5.0,1.0,2.5,0.4,0.0,1.0,0.0,1.0,1.5,0.667,0.4,0.0,0.0,,0.0,0.0,0.0,0.0,0.5,0.0,0.0,1.0,2.0,jonesde02
127,Tyus Jones,PG,24,MEM,5,0,9.4,1.2,3.4,0.353,0.2,0.8,0.25,1.0,2.6,0.385,0.382,0.4,0.4,1.0,0.2,1.2,1.4,1.2,0.2,0.0,0.0,0.2,3.0,jonesty01
128,Frank Kaminsky,C,27,PHO,10,0,6.8,1.0,2.2,0.455,0.1,0.5,0.2,0.9,1.7,0.529,0.477,0.1,0.1,1.0,0.2,1.2,1.4,1.4,0.2,0.3,0.4,0.9,2.2,kaminfr01
129,Luke Kennard,SG,24,LAC,15,0,14.6,2.1,4.3,0.477,1.4,3.4,0.412,0.7,0.9,0.714,0.638,0.1,0.1,0.5,0.3,0.6,0.9,0.5,0.1,0.0,0.2,1.0,5.6,kennalu01
130,Maxi Kleber,PF,29,DAL,7,4,26.7,1.7,4.3,0.4,1.1,2.9,0.4,0.6,1.4,0.4,0.533,0.7,1.0,0.714,0.7,2.9,3.6,1.4,0.4,0.0,0.1,2.7,5.3,klebima01
131,Nathan Knight,PF,23,ATL,6,0,2.3,0.3,1.2,0.286,0.0,0.3,0.0,0.3,0.8,0.4,0.286,0.0,0.3,0.0,0.0,1.0,1.0,0.0,0.0,0.3,0.0,0.3,0.7,knighna01
132,Kevin Knox,SF,21,NYK,1,0,4.0,0.0,0.0,,0.0,0.0,,0.0,0.0,,,2.0,2.0,1.0,0.0,1.0,1.0,1.0,0.0,1.0,0.0,0.0,2.0,knoxke01
133,John Konchar,SG,24,MEM,1,0,3.0,0.0,1.0,0.0,0.0,1.0,0.0,0.0,0.0,,0.0,0.0,0.0,,0.0,1.0,1.0,0.0,0.0,1.0,0.0,0.0,0.0,konchjo01
134,Furkan Korkmaz,SG,23,PHI,12,4,16.3,2.5,6.1,0.411,1.2,3.7,0.318,1.3,2.4,0.552,0.507,0.8,1.2,0.714,0.3,1.7,2.0,0.6,0.6,0.3,0.4,0.8,7.0,korkmfu01
135,Luke Kornet,C,25,BOS,2,0,2.5,0.5,0.5,1.0,0.0,0.0,,0.5,0.5,1.0,1.0,0.5,1.0,0.5,0.0,1.5,1.5,0.0,0.0,0.0,0.0,0.0,1.5,kornelu01
136,Kyle Kuzma,SF,25,LAL,6,0,21.5,2.3,8.0,0.292,0.7,3.8,0.174,1.7,4.2,0.4,0.333,1.0,1.5,0.667,0.7,3.2,3.8,1.2,0.3,0.2,1.0,1.3,6.3,kuzmaky01
137,Romeo Langford,SG,21,BOS,4,2,27.3,3.3,8.0,0.406,1.5,4.3,0.353,1.8,3.8,0.467,0.5,1.0,1.0,1.0,1.3,1.3,2.5,1.3,0.8,0.5,0.3,0.5,9.0,langfro01
138,T.J. Leaf,PF,23,POR,3,0,2.3,1.0,1.3,0.75,0.0,0.0,,1.0,1.3,0.75,0.75,0.0,0.0,,0.7,0.3,1.0,0.0,0.0,0.0,0.0,0.0,2.0,leaftj01
139,Alex Len,C,27,WAS,5,3,8.4,1.6,2.8,0.571,0.0,0.0,,1.6,2.8,0.571,0.571,0.8,1.4,0.571,0.8,1.4,2.2,0.4,0.2,0.0,0.2,1.6,4.0,lenal01
140,Kawhi Leonard,SF,29,LAC,11,11,39.3,11.1,19.4,0.573,2.2,5.5,0.393,8.9,13.8,0.645,0.629,6.0,6.8,0.88,2.0,5.7,7.7,4.4,2.1,0.8,2.2,2.6,30.4,leonaka01
141,Damian Lillard,PG,30,POR,6,6,41.3,10.3,22.3,0.463,5.8,13.0,0.449,4.5,9.3,0.482,0.593,7.8,8.3,0.94,0.2,4.2,4.3,10.2,1.0,0.7,2.2,1.5,34.3,lillada01
142,Nassir Little,PF,20,POR,3,0,3.0,0.3,1.3,0.25,0.3,1.3,0.25,0.0,0.0,,0.375,0.7,1.3,0.5,0.0,0.3,0.3,0.0,0.0,0.3,0.3,0.0,1.7,littlna01
143,Brook Lopez,C,32,MIL,23,23,29.0,5.2,9.4,0.548,1.0,3.1,0.319,4.2,6.3,0.662,0.601,1.6,1.9,0.86,2.1,3.8,5.9,0.3,0.7,1.5,1.1,2.1,13.0,lopezbr01
144,Robin Lopez,C,32,WAS,5,0,14.6,3.6,5.0,0.72,0.0,0.0,,3.6,5.0,0.72,0.72,0.2,0.8,0.25,0.8,1.0,1.8,0.0,0.0,0.8,0.2,1.4,7.4,lopezro01
145,Timothe Luwawu-Cabarrot,SF,25,BRK,7,0,3.6,0.4,1.4,0.3,0.3,0.9,0.333,0.1,0.6,0.25,0.4,0.0,0.0,,0.0,0.4,0.4,0.3,0.0,0.0,0.1,0.1,1.1,luwawti01
146,Terance Mann,SG,24,LAC,19,6,19.9,2.8,5.5,0.519,0.8,1.9,0.432,2.0,3.5,0.567,0.596,1.1,1.5,0.714,0.9,1.8,2.7,0.7,0.5,0.3,0.2,2.2,7.6,mannte01
147,Boban Marjanovic,C,32,DAL,4,3,20.8,5.0,9.8,0.513,0.0,0.0,,5.0,9.8,0.513,0.513,1.8,2.3,0.778,3.5,4.5,8.0,1.0,0.0,0.3,1.0,3.3,11.8,marjabo01
148,Garrison Mathews,SG,24,WAS,3,0,5.7,0.0,1.3,0.0,0.0,1.3,0.0,0.0,0.0,,0.0,1.3,1.7,0.8,0.0,0.7,0.7,0.0,0.0,0.0,0.0,1.3,1.3,mathega01
149,Wesley Matthews,SG,34,LAL,6,1,18.3,1.7,5.5,0.303,1.2,4.2,0.28,0.5,1.3,0.375,0.409,1.0,1.0,1.0,0.8,0.8,1.7,0.3,0.3,0.0,0.0,2.2,5.5,matthwe02
150,Tyrese Maxey,SG,20,PHI,12,0,13.0,2.4,5.5,0.439,0.3,1.0,0.333,2.1,4.5,0.463,0.47,1.2,1.8,0.636,0.1,1.8,1.8,1.3,0.3,0.5,0.4,1.3,6.3,maxeyty01
151,Skylar Mays,SG,23,ATL,7,0,2.4,0.6,0.7,0.8,0.0,0.0,,0.6,0.7,0.8,0.8,0.0,0.0,,0.0,0.3,0.3,0.1,0.3,0.0,0.1,0.1,1.1,mayssk01
152,CJ McCollum,SG,29,POR,6,6,40.0,8.3,19.0,0.439,2.3,7.0,0.333,6.0,12.0,0.5,0.5,1.7,2.2,0.769,1.0,5.0,6.0,4.3,0.3,0.7,2.0,4.2,20.7,mccolcj01
153,JaVale McGee,C,33,DEN,4,0,8.5,0.8,2.5,0.3,0.0,0.5,0.0,0.8,2.0,0.375,0.3,0.5,1.5,0.333,0.8,2.3,3.0,0.8,0.3,1.3,0.3,1.0,2.0,mcgeeja01
154,Alfonzo McKinnie,SF,28,LAL,2,0,6.0,0.0,1.5,0.0,0.0,1.0,0.0,0.0,0.5,0.0,0.0,0.0,0.0,,0.0,0.5,0.5,0.0,0.0,0.0,0.0,0.5,0.0,mckinal01
155,Ben McLemore,SG,27,LAL,4,0,9.0,0.5,2.3,0.222,0.5,1.5,0.333,0.0,0.8,0.0,0.333,0.0,0.0,,0.3,1.5,1.8,0.3,0.3,0.0,0.3,1.3,1.5,mclembe01
156,Nicolo Melli,PF,30,DAL,3,0,6.3,0.0,1.3,0.0,0.0,0.7,0.0,0.0,0.7,0.0,0.0,0.0,0.0,,0.7,1.3,2.0,0.0,0.3,0.0,0.0,1.0,0.0,mellini01
157,De'Anthony Melton,PG,22,MEM,5,0,16.6,2.2,6.2,0.355,1.2,4.0,0.3,1.0,2.2,0.455,0.452,0.6,1.0,0.6,0.8,2.4,3.2,1.0,0.2,0.8,0.6,1.4,6.2,meltode01
158,Sam Merrill,SG,24,MIL,8,0,3.8,0.3,0.9,0.286,0.1,0.6,0.2,0.1,0.3,0.5,0.357,0.0,0.0,,0.1,0.5,0.6,0.1,0.5,0.0,0.1,0.3,0.6,merrisa01
159,Khris Middleton,SF,29,MIL,23,23,40.1,8.6,19.7,0.438,2.6,7.6,0.343,6.0,12.0,0.498,0.504,3.7,4.2,0.887,1.1,6.5,7.6,5.1,1.5,0.2,3.2,2.5,23.6,middlkh01
160,Paul Millsap,PF,35,DEN,9,0,12.1,2.4,5.6,0.44,0.7,2.6,0.261,1.8,3.0,0.593,0.5,0.9,1.4,0.615,1.0,2.9,3.9,1.7,0.3,0.7,0.9,1.6,6.4,millspa01
161,Shake Milton,SG,24,PHI,12,0,10.1,1.3,3.9,0.319,0.7,1.6,0.421,0.6,2.3,0.25,0.404,1.2,1.3,0.933,0.0,0.8,0.8,0.8,0.3,0.1,0.9,1.5,4.3,miltosh01
162,Donovan Mitchell,PG,24,UTA,10,10,34.6,10.5,23.5,0.447,5.0,11.5,0.435,5.5,12.0,0.458,0.553,6.3,7.6,0.829,0.3,3.9,4.2,5.5,1.1,0.2,2.8,2.0,32.3,mitchdo01
163,E'Twaun Moore,SG,31,PHO,7,0,6.6,1.1,2.6,0.444,0.1,0.7,0.2,1.0,1.9,0.538,0.472,0.0,0.0,,0.0,1.4,1.4,1.3,0.1,0.0,0.4,0.4,2.4,mooreet01
164,Ja Morant,PG,21,MEM,5,5,40.6,11.0,22.6,0.487,2.0,6.2,0.323,9.0,16.4,0.549,0.531,6.2,8.0,0.775,1.4,3.4,4.8,8.2,0.4,0.0,3.4,1.8,30.2,moranja01
165,Juwan Morgan,PF,23,UTA,2,0,3.0,0.0,0.0,,0.0,0.0,,0.0,0.0,,,0.0,0.0,,0.5,0.5,1.0,0.5,0.0,0.0,0.0,0.5,0.0,morgaju01
166,Marcus Morris,PF,31,LAC,19,18,31.8,4.5,10.5,0.43,1.9,5.1,0.375,2.6,5.5,0.481,0.52,1.3,1.7,0.75,0.7,3.6,4.3,1.5,0.5,0.5,0.4,2.6,12.2,morrima03
167,Markieff Morris,PF,31,LAL,4,1,9.5,0.5,2.3,0.222,0.3,1.0,0.25,0.3,1.3,0.2,0.278,1.0,1.5,0.667,1.0,0.0,1.0,0.8,0.0,0.3,0.5,1.5,2.3,morrima02
168,Monte Morris,PG,25,DEN,10,1,28.6,5.0,11.6,0.431,1.6,4.0,0.4,3.4,7.6,0.447,0.5,2.1,2.9,0.724,0.7,1.7,2.4,5.5,1.0,0.2,0.7,1.2,13.7,morrimo01
169,Abdel Nader,SF,27,PHO,5,0,5.8,0.4,1.2,0.333,0.0,0.4,0.0,0.4,0.8,0.5,0.333,0.0,0.0,,0.0,1.0,1.0,0.0,0.0,0.0,0.0,0.6,0.8,naderab01
170,Aaron Nesmith,SF,21,BOS,5,0,15.0,1.0,3.6,0.278,0.8,2.8,0.286,0.2,0.8,0.25,0.389,0.4,0.4,1.0,0.4,2.2,2.6,0.2,0.2,0.2,0.4,1.4,3.2,nesmiaa01
171,Raul Neto,PG,28,WAS,5,3,22.4,2.4,6.8,0.353,0.8,3.0,0.267,1.6,3.8,0.421,0.412,0.8,1.0,0.8,0.6,1.6,2.2,1.0,0.4,0.0,0.2,2.2,6.4,netora01
172,Georges Niang,PF,27,UTA,11,0,11.7,1.0,3.5,0.282,0.8,2.7,0.3,0.2,0.8,0.222,0.397,0.4,0.4,1.0,0.2,1.5,1.7,0.7,0.0,0.1,0.7,1.7,3.2,niangge01
173,Zeke Nnaji,PF,20,DEN,5,0,3.6,0.8,1.6,0.5,0.6,1.4,0.429,0.2,0.2,1.0,0.688,0.2,0.4,0.5,0.2,0.2,0.4,0.4,0.2,0.0,0.0,0.2,2.4,nnajize01
174,Nerlens Noel,C,26,NYK,5,2,18.4,1.0,2.0,0.5,0.0,0.0,,1.0,2.0,0.5,0.5,2.6,3.2,0.813,2.0,2.0,4.0,0.2,0.8,0.6,0.8,3.0,4.6,noelne01
175,Frank Ntilikina,PG,22,NYK,3,0,1.3,0.0,0.3,0.0,0.0,0.3,0.0,0.0,0.0,,0.0,0.0,0.0,,0.0,0.0,0.0,0.0,0.0,0.0,0.0,0.0,0.0,ntilila01
176,Kendrick Nunn,PG,25,MIA,4,2,23.3,4.3,10.8,0.395,1.3,4.5,0.278,3.0,6.3,0.48,0.453,0.5,0.5,1.0,0.0,1.5,1.5,1.5,0.5,0.0,0.8,1.0,10.3,nunnke01
177,Jusuf Nurkic,C,26,POR,6,6,28.8,5.0,9.2,0.545,0.2,0.8,0.2,4.8,8.3,0.58,0.555,3.0,4.2,0.72,3.0,7.3,10.3,2.7,0.5,1.2,2.3,5.0,13.2,nurkiju01
178,Jordan Nwora,SF,22,MIL,5,0,6.2,0.8,3.6,0.222,0.4,1.6,0.25,0.4,2.0,0.2,0.278,1.0,1.4,0.714,1.0,0.8,1.8,0.2,0.0,0.2,0.2,0.2,3.0,nworajo01
179,Royce O'Neale,SF,27,UTA,11,11,36.7,3.9,7.7,0.506,2.5,5.5,0.467,1.4,2.3,0.6,0.671,0.9,1.1,0.833,1.5,5.8,7.3,2.1,1.1,0.3,0.7,3.7,11.3,onealro01
180,Semi Ojeleye,PF,26,BOS,2,0,6.0,0.0,2.0,0.0,0.0,1.5,0.0,0.0,0.5,0.0,0.0,0.5,1.0,0.5,0.0,0.0,0.0,0.0,0.5,0.5,0.0,0.0,0.5,ojelese01
181,Onyeka Okongwu,C,20,ATL,18,0,9.2,0.9,1.7,0.548,0.0,0.1,0.0,0.9,1.7,0.567,0.548,0.8,1.2,0.667,1.2,1.5,2.7,0.1,0.3,0.7,0.2,1.6,2.7,okongon01
182,KZ Okpala,PF,21,MIA,2,0,3.0,0.0,0.5,0.0,0.0,0.5,0.0,0.0,0.0,,0.0,0.0,0.0,,0.0,0.0,0.0,0.0,0.0,0.0,0.0,0.0,0.0,okpalkz01
183,Miye Oni,SG,23,UTA,8,0,5.1,0.0,0.6,0.0,0.0,0.6,0.0,0.0,0.0,,0.0,0.0,0.0,,0.4,0.0,0.4,0.0,0.1,0.0,0.0,1.0,0.0,onimi01
184,Daniel Oturu,C,21,LAC,8,0,1.9,0.3,0.6,0.4,0.0,0.1,0.0,0.3,0.5,0.5,0.4,0.1,0.3,0.5,0.3,0.3,0.5,0.0,0.0,0.1,0.0,0.3,0.6,oturuda01
185,Jabari Parker,PF,25,BOS,4,0,14.8,3.3,5.3,0.619,0.5,1.3,0.4,2.8,4.0,0.688,0.667,1.5,2.0,0.75,0.5,3.3,3.8,0.5,0.0,0.8,1.5,1.8,8.5,parkeja01
186,Chris Paul,PG,35,PHO,20,20,34.2,7.5,15.0,0.497,1.5,3.3,0.446,6.0,11.8,0.511,0.545,2.9,3.3,0.877,0.5,3.1,3.5,8.6,1.2,0.2,2.2,2.4,19.2,paulch01
187,Cameron Payne,PG,26,PHO,22,2,19.0,3.7,8.8,0.425,1.1,3.1,0.362,2.6,5.6,0.46,0.49,0.7,0.8,0.889,0.3,2.2,2.5,3.2,0.8,0.5,1.1,1.8,9.3,payneca01
188,Elfrid Payton,PG,26,NYK,2,2,6.5,0.0,2.5,0.0,0.0,0.0,,0.0,2.5,0.0,0.0,0.5,1.0,0.5,0.0,0.0,0.0,0.5,0.5,0.0,0.0,0.5,0.5,paytoel01
189,Reggie Perry,PF,20,BRK,5,0,4.4,1.4,2.6,0.538,0.4,1.0,0.4,1.0,1.6,0.625,0.615,0.0,0.0,,0.8,0.4,1.2,0.2,0.2,0.0,0.6,0.8,3.2,perryre01
190,Michael Porter Jr.,SF,22,DEN,10,10,33.2,6.4,13.5,0.474,2.9,7.3,0.397,3.5,6.2,0.565,0.581,1.7,2.1,0.81,1.2,5.0,6.2,1.3,1.1,0.3,1.6,3.1,17.4,portemi01
191,Bobby Portis,C,25,MIL,20,2,18.3,3.5,7.6,0.464,0.9,2.6,0.346,2.6,5.0,0.525,0.523,0.9,1.3,0.72,1.7,3.4,5.0,0.6,0.7,0.4,0.5,1.6,8.8,portibo01
192,Kristaps Porzingis,C,25,DAL,7,7,33.3,4.9,10.3,0.472,1.1,3.9,0.296,3.7,6.4,0.578,0.528,2.3,2.7,0.842,1.0,4.4,5.4,1.3,1.3,0.7,0.4,2.7,13.1,porzikr01
193,Dwight Powell,C,29,DAL,7,0,7.4,1.0,1.1,0.875,0.0,0.0,,1.0,1.1,0.875,0.875,0.7,0.9,0.833,0.7,1.1,1.9,0.9,0.3,0.0,0.1,1.1,2.7,poweldw01
194,Norman Powell,SF,27,POR,6,6,36.0,6.3,12.7,0.5,1.7,4.3,0.385,4.7,8.3,0.56,0.566,2.7,3.0,0.889,0.5,1.7,2.2,2.0,0.8,1.0,1.2,2.8,17.0,powelno01
195,Payton Pritchard,SG,23,BOS,5,0,13.4,1.2,3.4,0.353,0.6,2.0,0.3,0.6,1.4,0.429,0.441,0.4,0.4,1.0,0.4,1.4,1.8,2.4,0.4,0.0,0.6,0.8,3.4,pritcpa01
196,Immanuel Quickley,PG,21,NYK,5,0,15.4,2.0,6.6,0.303,0.8,2.2,0.364,1.2,4.4,0.273,0.364,1.0,1.4,0.714,0.0,1.4,1.4,1.0,0.6,0.0,1.2,1.6,5.8,quickim01
197,Julius Randle,PF,26,NYK,5,5,36.0,5.6,18.8,0.298,2.2,6.6,0.333,3.4,12.2,0.279,0.356,4.6,5.4,0.852,2.2,9.4,11.6,4.0,0.6,0.0,4.6,3.6,18.0,randlju01
198,Cam Reddish,SF,21,ATL,4,0,23.0,4.8,9.0,0.528,2.3,3.5,0.643,2.5,5.5,0.455,0.653,1.0,1.3,0.8,0.3,3.3,3.5,1.8,1.5,0.5,1.3,2.8,12.8,reddica01
199,Paul Reed,PF,21,PHI,3,0,3.7,0.7,1.3,0.5,0.0,0.0,,0.7,1.3,0.5,0.5,0.0,0.0,,1.0,1.7,2.7,0.0,0.0,0.3,0.0,0.3,1.3,reedpa01
200,Josh Richardson,SG,27,DAL,7,0,13.4,1.6,4.0,0.393,0.4,1.4,0.3,1.1,2.6,0.444,0.446,1.3,1.3,1.0,0.4,1.1,1.6,0.7,0.3,0.0,0.9,1.1,4.9,richajo01
201,Austin Rivers,SG,28,DEN,10,9,30.5,3.0,6.9,0.435,1.9,4.6,0.413,1.1,2.3,0.478,0.572,1.3,1.6,0.813,0.1,1.6,1.7,2.1,0.2,0.3,0.9,3.2,9.2,riverau01
202,Duncan Robinson,SF,26,MIA,4,4,25.0,2.8,7.3,0.379,2.5,6.8,0.37,0.3,0.5,0.5,0.552,2.3,2.5,0.9,0.0,2.8,2.8,0.8,0.8,0.0,1.0,3.3,10.3,robindu01
203,Rajon Rondo,PG,34,LAC,13,0,16.9,1.4,4.1,0.34,0.8,2.2,0.393,0.5,1.9,0.28,0.443,0.6,0.9,0.667,0.3,2.3,2.6,3.8,0.4,0.2,1.1,1.4,4.2,rondora01
204,Derrick Rose,PG,32,NYK,5,3,35.0,8.0,16.8,0.476,1.6,3.4,0.471,6.4,13.4,0.478,0.524,1.8,1.8,1.0,0.8,3.2,4.0,5.0,0.4,0.2,1.6,1.0,19.4,rosede01
205,Dario Saric,C,26,PHO,14,0,10.5,1.5,3.2,0.467,0.6,1.3,0.444,0.9,1.9,0.481,0.556,0.9,1.0,0.929,0.6,1.9,2.5,1.0,0.1,0.1,0.4,1.5,4.5,saricda01
206,Dennis Schroder,SG,27,LAL,6,6,32.7,4.7,11.7,0.4,1.3,4.3,0.308,3.3,7.3,0.455,0.457,3.7,4.3,0.846,0.2,2.8,3.0,2.8,1.0,0.2,1.7,2.2,14.3,schrode01
207,Mike Scott,PF,32,PHI,5,0,6.8,0.4,1.8,0.222,0.4,1.4,0.286,0.0,0.4,0.0,0.333,0.0,0.0,,0.2,0.4,0.6,0.6,0.2,0.2,0.0,0.6,1.2,scottmi01
208,Jay Scrubb,SG,20,LAC,6,0,1.3,0.0,0.0,,0.0,0.0,,0.0,0.0,,,0.0,0.0,,0.0,0.2,0.2,0.0,0.0,0.0,0.0,0.0,0.0,scrubja01
209,Landry Shamet,SG,23,BRK,12,0,17.2,1.5,3.4,0.439,0.8,2.2,0.385,0.7,1.3,0.533,0.561,0.3,0.4,0.8,0.3,1.5,1.8,0.6,0.4,0.1,0.5,1.6,4.2,shamela01
210,Ben Simmons,PG,24,PHI,12,12,33.5,4.9,7.9,0.621,0.0,0.1,0.0,4.9,7.8,0.628,0.621,2.1,6.1,0.342,2.1,5.8,7.9,8.8,1.3,0.8,2.3,3.3,11.9,simmobe01
211,Anfernee Simons,SG,21,POR,6,0,17.8,2.3,4.2,0.56,1.8,3.0,0.611,0.5,1.2,0.429,0.78,0.0,0.0,,0.5,2.2,2.7,0.8,0.3,0.2,0.2,1.0,6.5,simonan01
212,Marcus Smart,PG,26,BOS,5,5,36.6,5.8,13.2,0.439,3.2,8.6,0.372,2.6,4.6,0.565,0.561,3.0,4.2,0.714,0.8,3.6,4.4,6.0,1.0,0.2,2.8,2.8,17.8,smartma01
213,Ish Smith,PG,32,WAS,5,0,22.2,3.2,8.6,0.372,0.4,1.4,0.286,2.8,7.2,0.389,0.395,0.0,0.0,,0.2,3.0,3.2,2.8,1.4,0.4,1.0,2.2,6.8,smithis01
214,Jalen Smith,PF,20,PHO,6,0,3.0,0.3,0.7,0.5,0.2,0.2,1.0,0.2,0.5,0.333,0.625,0.0,0.0,,0.3,0.5,0.8,0.2,0.0,0.0,0.2,0.3,0.8,smithja04
215,Tony Snell,SG,29,ATL,9,0,7.3,0.2,1.8,0.125,0.1,1.2,0.091,0.1,0.6,0.2,0.156,0.0,0.0,,0.0,0.6,0.6,0.2,0.2,0.1,0.4,0.6,0.6,snellto01
216,Max Strus,SF,24,MIA,2,0,3.0,0.0,0.5,0.0,0.0,0.0,,0.0,0.5,0.0,0.0,0.0,0.0,,0.0,0.0,0.0,0.0,0.0,0.0,0.0,0.0,0.0,strusma01
217,Jayson Tatum,SF,22,BOS,5,5,37.0,9.4,22.2,0.423,2.8,7.2,0.389,6.6,15.0,0.44,0.486,9.0,9.8,0.918,0.6,5.2,5.8,4.6,1.2,1.6,2.6,3.0,30.6,tatumja01
218,Jeff Teague,PG,32,MIL,16,0,7.4,0.6,1.9,0.29,0.3,0.7,0.455,0.3,1.3,0.2,0.371,0.6,0.7,0.818,0.1,0.4,0.5,0.8,0.2,0.0,0.4,0.6,2.0,teaguje01
219,Matt Thomas,SG,26,UTA,3,0,2.3,0.0,0.7,0.0,0.0,0.0,,0.0,0.7,0.0,0.0,0.0,0.0,,0.0,0.3,0.3,0.0,0.0,0.0,0.0,0.3,0.0,thomama02
220,Tristan Thompson,PF,29,BOS,5,5,26.4,4.0,6.8,0.588,0.0,0.0,,4.0,6.8,0.588,0.588,2.4,3.4,0.706,5.8,4.0,9.8,1.0,0.8,1.2,1.0,2.4,10.4,thomptr01
221,Matisse Thybulle,SG,23,PHI,12,1,18.3,2.1,4.3,0.481,0.9,2.8,0.324,1.2,1.5,0.778,0.587,0.2,0.4,0.4,0.3,1.1,1.4,0.3,1.3,0.9,0.2,2.4,5.3,thybuma01
222,Xavier Tillman Sr.,PF,22,MEM,3,0,6.0,0.3,1.7,0.2,0.0,0.3,0.0,0.3,1.3,0.25,0.2,0.0,0.0,,0.3,0.7,1.0,0.3,0.3,0.0,0.3,0.7,0.7,tillmxa01
223,Anthony Tolliver,PF,35,PHI,1,0,2.0,0.0,0.0,,0.0,0.0,,0.0,0.0,,,0.0,0.0,,0.0,0.0,0.0,0.0,0.0,0.0,0.0,1.0,0.0,tollian01
224,Obi Toppin,PF,22,NYK,5,0,13.0,2.4,4.6,0.522,0.6,1.8,0.333,1.8,2.8,0.643,0.587,1.0,1.2,0.833,0.8,1.8,2.6,0.4,0.0,0.2,0.6,1.2,6.4,toppiob01
225,Axel Toupane,SF,28,MIL,4,0,2.5,0.5,1.0,0.5,0.3,0.5,0.5,0.3,0.5,0.5,0.625,0.0,0.0,,0.5,0.5,1.0,0.0,0.0,0.0,0.0,0.0,1.3,toupaax01
226,P.J. Tucker,PF,35,MIL,23,19,29.6,1.7,4.3,0.388,0.8,2.6,0.322,0.8,1.7,0.487,0.485,0.1,0.2,0.75,2.1,2.7,4.8,1.1,1.0,0.1,0.4,3.3,4.3,tuckepj01
227,Rayjon Tucker,PG,23,PHI,1,0,2.0,0.0,0.0,,0.0,0.0,,0.0,0.0,,,1.0,2.0,0.5,0.0,0.0,0.0,0.0,0.0,0.0,0.0,1.0,1.0,tuckera01
228,Jonas Valanciunas,C,28,MEM,5,5,33.2,6.6,11.6,0.569,0.4,1.6,0.25,6.2,10.0,0.62,0.586,1.4,1.6,0.875,4.0,5.8,9.8,2.6,0.6,0.6,2.0,3.6,15.0,valanjo01
229,Gabe Vincent,PG,24,MIA,3,0,4.7,0.7,1.0,0.667,0.3,0.7,0.5,0.3,0.3,1.0,0.833,0.0,0.0,,0.0,0.3,0.3,0.7,0.0,0.0,0.3,0.0,1.7,vincega01
230,Kemba Walker,PG,30,BOS,3,3,30.3,4.3,13.7,0.317,1.0,5.7,0.176,3.3,8.0,0.417,0.354,3.0,3.3,0.9,0.0,4.0,4.0,4.0,0.3,0.0,2.7,3.3,12.7,walkeke02
231,Tremont Waters,PG,23,BOS,3,0,2.0,0.3,1.3,0.25,0.0,0.7,0.0,0.3,0.7,0.5,0.25,0.7,1.0,0.667,0.0,0.0,0.0,0.7,0.3,0.0,0.7,0.0,1.3,watertr01
232,Russell Westbrook,PG,32,WAS,5,5,37.2,5.6,16.8,0.333,1.0,4.0,0.25,4.6,12.8,0.359,0.363,6.8,8.6,0.791,2.8,7.6,10.4,11.8,0.4,0.2,4.2,3.4,19.0,westbru01
233,Grant Williams,PF,22,BOS,5,0,11.4,1.2,2.4,0.5,0.4,0.8,0.5,0.8,1.6,0.5,0.583,0.6,0.6,1.0,0.6,1.4,2.0,0.8,0.2,0.8,0.2,1.4,3.4,willigr01
234,Lou Williams,PG,34,ATL,18,2,15.4,2.8,6.1,0.455,0.7,1.7,0.433,2.1,4.4,0.463,0.514,1.4,1.5,0.963,0.1,1.3,1.4,2.2,0.7,0.1,1.2,0.9,7.7,willilo02
235,Robert Williams,C,23,BOS,3,0,15.3,3.0,4.7,0.643,0.0,0.0,,3.0,4.7,0.643,0.643,0.3,0.7,0.5,2.7,2.3,5.0,0.7,0.3,3.0,0.3,2.3,6.3,williro04
236,Justise Winslow,SF,24,MEM,1,0,3.0,0.0,0.0,,0.0,0.0,,0.0,0.0,,,0.0,0.0,,0.0,1.0,1.0,1.0,0.0,0.0,0.0,0.0,0.0,winslju01
237,Cassius Winston,PG,22,WAS,1,0,5.0,1.0,3.0,0.333,0.0,1.0,0.0,1.0,2.0,0.5,0.333,0.0,0.0,,1.0,1.0,2.0,1.0,0.0,0.0,2.0,1.0,2.0,winstca01
238,Trae Young,PG,22,ATL,16,16,37.7,9.4,22.4,0.418,2.8,9.0,0.313,6.6,13.4,0.488,0.481,7.3,8.4,0.866,0.4,2.4,2.8,9.5,1.3,0.0,4.0,2.2,28.8,youngtr01
239,Ivica Zubac,C,23,LAC,17,7,17.7,2.0,3.4,0.596,0.0,0.0,,2.0,3.4,0.596,0.596,2.3,2.9,0.796,2.5,3.3,5.8,0.4,0.1,0.7,0.9,1.9,6.3,zubaciv01
